Notificationid,Catagory,Color,retail_price,discounted_price,brand,description
0,ComputerAndMobile,Violet,999,379,Alisha,"Key Features of Alisha Solid Women's Cycling Shorts Cotton Lycra Navy, Red, Navy,Specifications of Alisha Solid Women's Cycling Shorts Shorts Details Number of Contents in Sales Package Pack of 3 Fabric Cotton Lycra Type Cycling Shorts General Details Pattern Solid Ideal For Women's Fabric Care Gentle Machine Wash in Lukewarm Water, Do Not Bleach Additional Details Style Code ALTHT_3P_21 In the Box 3 shorts"
1,Fashion,DarkGreen,32157,22646,FabHomeDecor,"FabHomeDecor Fabric Double Sofa Bed (Finish Color - Leatherette Black Mechanism Type - Pull Out) Price: Rs. 22,646 â€¢ Fine deep seating experience â€¢ Save Space with the all new click clack Sofa Bed â€¢ Easy to fold and vice versa with simple click clack mechanism â€¢ Chrome legs with mango wood frame for long term durability â€¢ Double cushioned Sofa Bed to provide you with extra softness to make a fine seating experience â€¢ A double bed that can easily sleep two,Specifications of FabHomeDecor Fabric Double Sofa Bed (Finish Color - Leatherette Black Mechanism Type - Pull Out) Installation & Demo Installation & Demo Details Installation and demo for this product is done free of cost as part of this purchase. Our service partner will visit your location within 72 business hours from the delivery of the product. In The Box 1 Sofa Bed General Brand FabHomeDecor Mattress Included No Delivery Condition Knock Down Storage Included No Mechanism Type Pull Out Type Sofa Bed Style Contemporary & Modern Filling Material Microfiber Seating Capacity 3 Seater Upholstery Type NA Upholstery Included No Bed Size Double Shape Square Suitable For Living Room Model Number FHD112 Care Instructions Avoid outdoor use and exposure to water or prolonged moisture, Avoid exposure to direct heat or sunlight as this can cause the sofa colour to fade, Keep sharp objects away from your sofa, A little tear on the fabric cover may be hard to repair, Vacuum your sofas periodically with a soft bristled bru...View More Avoid outdoor use and exposure to water or prolonged moisture, Avoid exposure to direct heat or sunlight as this can cause the sofa colour to fade, Keep sharp objects away from your sofa, A little tear on the fabric cover may be hard to repair, Vacuum your sofas periodically with a soft bristled brush attachment or lightly brush them to keep general dirt and dust off the sofa and prevent any embedding between the fibres, Try to avoid food and drink spillage of any kind, If spills occur, do not leave unattended, In case of a stain, a water-free fabric cleaner can be used, However, avoid applying the cleaner directly on the stain as this can cause damage to the fabric and fade colour, Pour the cleaner onto a clean cloth and test its effect on a hidden area of the sofa before cleaning the stain with the cloth, A professional scotchguard treatment is one of the easiest and most effective options to protect against spills or stains and keep pet hair at bay, Getting your sofa professionally cleaned once every 6-8 months will not only take care of the nooks and corners that you can't reach, it will also make it more durable Finish Type Matte Important Note Cancellation NOT allowed for this product after 24 hrs of order booking. Warranty Covered in Warranty Warranty covers all kind of manufacturing defects. Concerned product will either be repaired or replaced based on discretion. Service Type Manufacturer Warranty Warranty Summary 6 Months Domestic Warranty Not Covered in Warranty Warranty does not cover for Improper Handling Dimensions Weight 40 kg Height 838 mm Width 1905 mm Depth 939 mm Disclaimer - The color of the product may vary slightly compared to the picture displayed on your screen. This is due to lighting, pixel quality and color settings - Please check the product's dimensions to ensure the product will fit in the desired location. Also, check if the product will fit through...View More - The color of the product may vary slightly compared to the picture displayed on your screen. This is due to lighting, pixel quality and color settings - Please check the product's dimensions to ensure the product will fit in the desired location. Also, check if the product will fit through the entrance(s) and door(s) of the premises - Please expect an unevenness of up to 5 mm in the product due to differences in surfaces and floor levels - Flipkart, or the Seller delivering the product, will not take up any type of civil work, such as drilling holes in the wall to mount the product. The product will only be assembled in case carpentry assembly is required - In case the product appears to lack shine, wiping the surface with a cloth will help clear the surface of dust particles Material & Color Upholstery Color Leatherette Black Primary Color Black Primary Material Fabric Secondary Material Subtype Mango Wood Secondary Material Foam Finish Color Leatherette Black Primary Material Subtype Foam"
2,Fashion,Bisque,999,499,AW,"Key Features of AW Bellies Sandals Wedges Heel Casuals,AW Bellies Price: Rs. 499 Material: Synthetic Lifestyle: Casual Heel Type: Wedge Warranty Type: Manufacturer Product Warranty against manufacturing defects: 30 days Care instructions: Allow your pair of shoes to air and de-odorize at regular basis; use shoe bags to prevent any stains or mildew; dust any dry dirt from the surface using a clean cloth; do not use polish or shiner,Specifications of AW Bellies General Ideal For Women Occasion Casual Shoe Details Color Red Outer Material Patent Leather Heel Height 1 inch Number of Contents in Sales Package Pack of 1 In the Box One Pair Of Shoes"
3,ComputerAndMobile,SaddleBrown,699,267,Alisha,"Key Features of Alisha Solid Women's Cycling Shorts Cotton Lycra Black, Red,Specifications of Alisha Solid Women's Cycling Shorts Shorts Details Number of Contents in Sales Package Pack of 2 Fabric Cotton Lycra Type Cycling Shorts General Details Pattern Solid Ideal For Women's Fabric Care Gentle Machine Wash in Lukewarm Water, Do Not Bleach Additional Details Style Code ALTGHT_11 In the Box 2 shorts"
4,Grossaries,MediumAquaMarine,220,210,Sicons,Specifications of Sicons All Purpose Arnica Dog Shampoo (500 ml) General Pet Type Dog Brand Sicons Quantity 500 ml Model Number SH.DF-14 Type All Purpose Fragrance Arnica Form Factor Liquid In the Box Sales Package Shampoo Sicons Dog Fashion Arnica
5,Fashion,FloralWhite,430,430,Eternal Gandhi,"Key Features of Eternal Gandhi Super Series Crystal Paper Weights  with Silver Finish Crystal  paper weight Product Dimensions :   8cm x  8cm x 5cm A beautiful product Material: Crystal,Eternal Gandhi Super Series Crystal Paper Weights  with Silver Finish (Set Of 1, Clear) Price: Rs. 430 Your office desk will sparkle and shine when you accent tables with this elegant crystal paper weight. The multifaceted crystal features Gandhijiâ€™s bust and his timeless message â€“ â€œMy life is my message â€“ M.K. Gandhiâ€"
6,ComputerAndMobile,DarkSlateBlue,1199,479,Alisha,"Key Features of Alisha Solid Women's Cycling Shorts Cotton Lycra Navy, Red, White, Red,Specifications of Alisha Solid Women's Cycling Shorts Shorts Details Number of Contents in Sales Package Pack of 4 Fabric Cotton Lycra Type Cycling Shorts General Details Pattern Solid Ideal For Women's In the Box 4 shorts Additional Details Style Code ALTGHT4P_26 Fabric Care Gentle Machine Wash in Lukewarm Water, Do Not Bleach"
7,Grossaries,Aqua,32157,22646,FabHomeDecor,"FabHomeDecor Fabric Double Sofa Bed (Finish Color - Brown Mechanism Type - Pull Out) Price: Rs. 22,646 â€¢ Fine deep seating experience â€¢ Save Space with the all new click clack Sofa Bed â€¢ Easy to fold and vice versa with simple click clack mechanism â€¢ Chrome legs with mango wood frame for long term durability â€¢ Double cushioned Sofa Bed to provide you with extra softness to make a fine seating experience â€¢ A double bed that can easily sleep two,Specifications of FabHomeDecor Fabric Double Sofa Bed (Finish Color - Brown Mechanism Type - Pull Out) Installation & Demo Installation & Demo Details Installation and demo for this product is done free of cost as part of this purchase. Our service partner will visit your location within 72 business hours from the delivery of the product. In The Box 1 Sofa Bed General Brand FabHomeDecor Mattress Included No Delivery Condition Knock Down Storage Included No Mechanism Type Pull Out Type Sofa Bed Style Contemporary & Modern Filling Material Microfiber Seating Capacity 3 Seater Upholstery Type NA Upholstery Included No Bed Size Double Shape Square Suitable For Living Room Model Number FHD107 Care Instructions Avoid outdoor use and exposure to water or prolonged moisture, Avoid exposure to direct heat or sunlight as this can cause the sofa colour to fade, Keep sharp objects away from your sofa, A little tear on the fabric cover may be hard to repair, Vacuum your sofas periodically with a soft bristled bru...View More Avoid outdoor use and exposure to water or prolonged moisture, Avoid exposure to direct heat or sunlight as this can cause the sofa colour to fade, Keep sharp objects away from your sofa, A little tear on the fabric cover may be hard to repair, Vacuum your sofas periodically with a soft bristled brush attachment or lightly brush them to keep general dirt and dust off the sofa and prevent any embedding between the fibres, Try to avoid food and drink spillage of any kind, If spills occur, do not leave unattended, In case of a stain, a water-free fabric cleaner can be used, However, avoid applying the cleaner directly on the stain as this can cause damage to the fabric and fade colour, Pour the cleaner onto a clean cloth and test its effect on a hidden area of the sofa before cleaning the stain with the cloth, A professional scotchguard treatment is one of the easiest and most effective options to protect against spills or stains and keep pet hair at bay, Getting your sofa professionally cleaned once every 6-8 months will not only take care of the nooks and corners that you can't reach, it will also make it more durable Finish Type Matte Important Note Cancellation NOT allowed for this product after 24 hrs of order booking. Warranty Covered in Warranty Warranty covers all kind of manufacturing defects. Concerned product will either be repaired or replaced based on discretion. Service Type Manufacturer Warranty Warranty Summary 6 Months Domestic Warranty Not Covered in Warranty Warranty does not cover for Improper Handling Dimensions Weight 40 kg Height 838 mm Width 1905 mm Depth 939 mm Disclaimer - The color of the product may vary slightly compared to the picture displayed on your screen. This is due to lighting, pixel quality and color settings - Please check the product's dimensions to ensure the product will fit in the desired location. Also, check if the product will fit through...View More - The color of the product may vary slightly compared to the picture displayed on your screen. This is due to lighting, pixel quality and color settings - Please check the product's dimensions to ensure the product will fit in the desired location. Also, check if the product will fit through the entrance(s) and door(s) of the premises - Please expect an unevenness of up to 5 mm in the product due to differences in surfaces and floor levels - Flipkart, or the Seller delivering the product, will not take up any type of civil work, such as drilling holes in the wall to mount the product. The product will only be assembled in case carpentry assembly is required - In case the product appears to lack shine, wiping the surface with a cloth will help clear the surface of dust particles Material & Color Upholstery Color Brown Primary Color Brown Primary Material Fabric Secondary Material Subtype Mango Wood Secondary Material Foam Finish Color Brown Primary Material Subtype Foam"
8,ComputerAndMobile,Salmon,699,349,dilli bazaaar,"Key Features of dilli bazaaar Bellies, Corporate Casuals, Casuals Material: Fabric Occasion: Ethnic, Casual, Party, Formal Color: Pink Heel Height: 0,Specifications of dilli bazaaar Bellies, Corporate Casuals, Casuals General Occasion Ethnic, Casual, Party, Formal Ideal For Women Shoe Details Weight 200 g (per single Shoe) - Weight of the product may vary depending on size. Heel Height 0 inch Outer Material Fabric Color Pink"
9,ComputerAndMobile,Brown,1199,479,Alisha,"Key Features of Alisha Solid Women's Cycling Shorts Cotton Lycra White, Black, Red, Black,Specifications of Alisha Solid Women's Cycling Shorts Shorts Details Number of Contents in Sales Package Pack of 4 Fabric Cotton Lycra Type Cycling Shorts General Details Pattern Solid Ideal For Women's Fabric Care Gentle Machine Wash in Lukewarm Water, Do Not Bleach Additional Details Style Code ALTGHT4P_39 In the Box 4 shorts"
10,ComputerAndMobile,Tomato,1724,950,Ladela,"Key Features of Ladela Bellies Brand: LADELA Color : Black,Ladela Bellies Price: Rs. 950 Experience the best bellies from the house of Ladela. Providing the best material to keep your feet cozy and active for the whole day.,Specifications of Ladela Bellies General Occasion Casual Ideal For Women Shoe Details Heel Height 0 inch Outer Material PU Color Black"
11,ComputerAndMobile,Tomato,2299,910,Carrel,"Key Features of Carrel Printed Women's Fabric: SwimLycra Brand Color: Black, White,Carrel Printed Women's Price: Rs. 910 Max-coverage swimwear collection from CARREL BRAND, Brighten up your swim routine with this best fitting. This swimming costume from the house of Carrel is made of imported swim lycra fabric and comes in Black & White Colour. It has to be washed separately and dry in shade. Attractive & classy caressing the water. This swimwear provides excellent protection and Chlorine resistance. fast drying combined with flatlock stitching gives an unmatched comfort and helps you to that performance you have been striving for. This swimwear with its comfort and style is your perfect companion at any pool, beach or water activity. Time for you to do your own thing and Go With The Flow. This Swimwear Lightly padded, for modesty and support. This Product Support To This Size : L, XL, XXL, 3XL,4XL.,Specifications of Carrel Printed Women's Top Details Neck Round Neck Swimsuit Details Fabric SwimLycra Type Swim-dress General Details Pattern Printed Ideal For Women's Occasion Sports Fabric Care Wash with Similar Colors, Use Detergent for Colors In the Box 1 Swimware"
12,ComputerAndMobile,RoyalBlue,,,Sicons,Specifications of Sicons All Purpose Tea Tree Dog Shampoo (200 ml) General Pet Type Dog Brand Sicons Quantity 200 ml Model Number SH.DF-07 Type All Purpose Fragrance Tea Tree Form Factor Spray In the Box Sales Package Shampoo Sicons Dog Fashion Dry Bath Urban Pet
13,ComputerAndMobile,Bisque,999,379,Alisha,"Key Features of Alisha Solid Women's Cycling Shorts Cotton Lycra Black, White, Black,Specifications of Alisha Solid Women's Cycling Shorts Shorts Details Number of Contents in Sales Package Pack of 3 Fabric Cotton Lycra Type Cycling Shorts General Details Pattern Solid Ideal For Women's Fabric Care Gentle Machine Wash in Lukewarm Water, Do Not Bleach Additional Details Style Code ALTHT_3P_17 In the Box 3 shorts"
14,Fashion,DarkBlue,699,699,Freelance,"Specifications of Freelance Vacuum Bottles 350 ml Bottle (Pack of 1, Green) General Body Material Stainless steel Type Bottle In the Box Number of Contents in Sales Package Pack of 1 Sales Package 1 pcs in one packet"
15,Fashion,Peru,999,379,Alisha,"Key Features of Alisha Solid Women's Cycling Shorts Cotton Lycra Black, White, White,Specifications of Alisha Solid Women's Cycling Shorts Shorts Details Number of Contents in Sales Package Pack of 3 Fabric Cotton Lycra Type Cycling Shorts General Details Pattern Solid Ideal For Women's Fabric Care Gentle Machine Wash in Lukewarm Water, Do Not Bleach Additional Details Style Code ALTHT_3P_2 In the Box 3 shorts"
16,Fashion,PowderBlue,32157,22646,FabHomeDecor,"FabHomeDecor Fabric Double Sofa Bed (Finish Color - Purple Mechanism Type - Pull Out) Price: Rs. 22,646 â€¢ Fine deep seating experience â€¢ Save Space with the all new click clack Sofa Bed â€¢ Easy to fold and vice versa with simple click clack mechanism â€¢ Chrome legs with mango wood frame for long term durability â€¢ Double cushioned Sofa Bed to provide you with extra softness to make a fine seating experience â€¢ A double bed that can easily sleep two,Specifications of FabHomeDecor Fabric Double Sofa Bed (Finish Color - Purple Mechanism Type - Pull Out) Installation & Demo Installation & Demo Details Installation and demo for this product is done free of cost as part of this purchase. Our service partner will visit your location within 72 business hours from the delivery of the product. In The Box 1 Sofa Bed General Brand FabHomeDecor Mattress Included No Delivery Condition Knock Down Storage Included No Mechanism Type Pull Out Type Sofa Bed Style Contemporary & Modern Filling Material Microfiber Seating Capacity 3 Seater Upholstery Type NA Upholstery Included No Bed Size Double Shape Square Suitable For Living Room Model Number FHD132 Care Instructions Avoid outdoor use and exposure to water or prolonged moisture, Avoid exposure to direct heat or sunlight as this can cause the sofa colour to fade, Keep sharp objects away from your sofa, A little tear on the fabric cover may be hard to repair, Vacuum your sofas periodically with a soft bristled bru...View More Avoid outdoor use and exposure to water or prolonged moisture, Avoid exposure to direct heat or sunlight as this can cause the sofa colour to fade, Keep sharp objects away from your sofa, A little tear on the fabric cover may be hard to repair, Vacuum your sofas periodically with a soft bristled brush attachment or lightly brush them to keep general dirt and dust off the sofa and prevent any embedding between the fibres, Try to avoid food and drink spillage of any kind, If spills occur, do not leave unattended, In case of a stain, a water-free fabric cleaner can be used, However, avoid applying the cleaner directly on the stain as this can cause damage to the fabric and fade colour, Pour the cleaner onto a clean cloth and test its effect on a hidden area of the sofa before cleaning the stain with the cloth, A professional scotchguard treatment is one of the easiest and most effective options to protect against spills or stains and keep pet hair at bay, Getting your sofa professionally cleaned once every 6-8 months will not only take care of the nooks and corners that you can't reach, it will also make it more durable Finish Type Matte Important Note Cancellation NOT allowed for this product after 24 hrs of order booking. Warranty Covered in Warranty Warranty covers all kind of manufacturing defects. Concerned product will either be repaired or replaced based on discretion. Service Type Manufacturer Warranty Warranty Summary 6 Months Domestic Warranty Not Covered in Warranty Warranty does not cover for Improper Handling Dimensions Weight 40 kg Height 838 mm Width 1905 mm Depth 939 mm Disclaimer - The color of the product may vary slightly compared to the picture displayed on your screen. This is due to lighting, pixel quality and color settings - Please check the product's dimensions to ensure the product will fit in the desired location. Also, check if the product will fit through...View More - The color of the product may vary slightly compared to the picture displayed on your screen. This is due to lighting, pixel quality and color settings - Please check the product's dimensions to ensure the product will fit in the desired location. Also, check if the product will fit through the entrance(s) and door(s) of the premises - Please expect an unevenness of up to 5 mm in the product due to differences in surfaces and floor levels - Flipkart, or the Seller delivering the product, will not take up any type of civil work, such as drilling holes in the wall to mount the product. The product will only be assembled in case carpentry assembly is required - In case the product appears to lack shine, wiping the surface with a cloth will help clear the surface of dust particles Material & Color Upholstery Color Purple Primary Color Purple Primary Material Fabric Secondary Material Subtype Mango Wood Secondary Material Foam Finish Color Purple Primary Material Subtype Foam"
17,Grossaries,OliveDrab,899,449,Style Foot,"Key Features of Style Foot Bellies ballerina shoes ballerina flats,Style Foot Bellies Price: Rs. 449 ballet shoes that fits perfectly for casual and party wear,Specifications of Style Foot Bellies General Occasion Casual Ideal For Women Shoe Details Heel Height 1 inch Outer Material PU Color Black In the Box 1 slipper"
18,Fashion,Cyan,2499,999,Carrel,"Key Features of Carrel Printed Women's Fabric: SwimLycra Brand Color: DARK BLUE, WHITE,Carrel Printed Women's Price: Rs. 999 Max-coverage swimwear collection from CARREL BRAND, Brighten up your swim routine with this best fitting. This swimming costume from the house of Carrel is made of imported swim lycra fabric and comes in Darkblue & White Colour. It has to be washed separately and dry in shade. Attractive & classy caressing the water. This swimwear provides excellent protection and Chlorine resistance. fast drying combined with flatlock stitching gives an unmatched comfort and helps you to that performance you have been striving for. This swimwear with its comfort and style is your perfect companion at any pool, beach or water activity. Time for you to do your own thing and Go With The Flow. This Swimwear Lightly padded, for modesty and support. This Product Support To This Size : L, XL, XXL, 3XL,4XL.,Specifications of Carrel Printed Women's Top Details Neck Round Neck Swimsuit Details Fabric SwimLycra Type Swim-dress General Details Pattern Printed Ideal For Women's Occasion Sports Fabric Care Wash with Similar Colors, Use Detergent for Colors In the Box 1 Swimware"
19,Grossaries,LightSeaGreen,32157,22646,FabHomeDecor,"FabHomeDecor Fabric Double Sofa Bed (Finish Color - Dark Brown Mechanism Type - Pull Out) Price: Rs. 22,646 â€¢ Fine deep seating experience â€¢ Save Space with the all new click clack Sofa Bed â€¢ Easy to fold and vice versa with simple click clack mechanism â€¢ Chrome legs with mango wood frame for long term durability â€¢ Double cushioned Sofa Bed to provide you with extra softness to make a fine seating experience â€¢ A double bed that can easily sleep two,Specifications of FabHomeDecor Fabric Double Sofa Bed (Finish Color - Dark Brown Mechanism Type - Pull Out) In The Box 1 Sofa Bed Installation & Demo Installation & Demo Details Installation and demo for this product is done free of cost as part of this purchase. Our service partner will visit your location within 72 business hours from the delivery of the product. Important Note Cancellation NOT allowed for this product after 24 hrs of order booking. General Brand FabHomeDecor Mattress Included No Delivery Condition Knock Down Storage Included No Mechanism Type Pull Out Type Sofa Bed Style Contemporary & Modern Filling Material Microfiber Seating Capacity 3 Seater Upholstery Type NA Upholstery Included No Bed Size Double Shape Square Suitable For Living Room Model Number FHD115 Finish Type Matte Care Instructions Avoid outdoor use and exposure to water or prolonged moisture, Avoid exposure to direct heat or sunlight as this can cause the sofa colour to fade, Keep sharp objects away from your sofa, A little tear on the fabric cover may be hard to repair, Vacuum your sofas periodically with a soft bristled bru...View More Avoid outdoor use and exposure to water or prolonged moisture, Avoid exposure to direct heat or sunlight as this can cause the sofa colour to fade, Keep sharp objects away from your sofa, A little tear on the fabric cover may be hard to repair, Vacuum your sofas periodically with a soft bristled brush attachment or lightly brush them to keep general dirt and dust off the sofa and prevent any embedding between the fibres, Try to avoid food and drink spillage of any kind, If spills occur, do not leave unattended, In case of a stain, a water-free fabric cleaner can be used, However, avoid applying the cleaner directly on the stain as this can cause damage to the fabric and fade colour, Pour the cleaner onto a clean cloth and test its effect on a hidden area of the sofa before cleaning the stain with the cloth, A professional scotchguard treatment is one of the easiest and most effective options to protect against spills or stains and keep pet hair at bay, Getting your sofa professionally cleaned once every 6-8 months will not only take care of the nooks and corners that you can't reach, it will also make it more durable Dimensions Weight 40 kg Height 838.2 mm Width 1905 mm Depth 939.8 mm Warranty Covered in Warranty Warranty covers all kind of manufacturing defects. Concerned product will either be repaired or replaced based on discretion. Warranty Summary 6 Months Domestic Warranty Service Type Manufacturer Warranty Not Covered in Warranty Warranty does not cover for Improper Handling Disclaimer - The color of the product may vary slightly compared to the picture displayed on your screen. This is due to lighting, pixel quality and color settings - Please check the product's dimensions to ensure the product will fit in the desired location. Also, check if the product will fit through...View More - The color of the product may vary slightly compared to the picture displayed on your screen. This is due to lighting, pixel quality and color settings - Please check the product's dimensions to ensure the product will fit in the desired location. Also, check if the product will fit through the entrance(s) and door(s) of the premises - Please expect an unevenness of up to 5 mm in the product due to differences in surfaces and floor levels - Flipkart, or the Seller delivering the product, will not take up any type of civil work, such as drilling holes in the wall to mount the product. The product will only be assembled in case carpentry assembly is required - In case the product appears to lack shine, wiping the surface with a cloth will help clear the surface of dust particles Material & Color Primary Material Fabric Primary Color Brown Upholstery Color Dark Brown Secondary Material Foam Secondary Material Subtype Mango Wood Finish Color Dark Brown Primary Material Subtype Foam"
20,ComputerAndMobile,PeachPuff,110,100,Sicons,Specifications of Sicons Conditioning Conditoner Dog Shampoo (200 ml) General Pet Type Dog Brand Sicons Quantity 200 ml Model Number SH.DF-02 Type Conditioning Fragrance Conditoner Form Factor Gel In the Box Sales Package Shampoo Sicons Dog Fashion Conditioner Aloe Rinse
21,ComputerAndMobile,Black,,,Alisha,"Alisha Solid Women's Cycling Shorts - Buy Black, White, Navy Alisha Solid Women's Cycling Shorts For Only Rs. 999 Online in India. Shop Online For Apparels. Huge Collection of Branded Clothes Only at Flipkart.com"
22,ComputerAndMobile,Olive,2400,1039,dongli,"Specifications of dongli Printed Boy's Round Neck T-Shirt (Pack of 4) T-shirt Details Sleeve Half Sleeve Number of Contents in Sales Package Pack of 4 Fabric Cotton Type Round Neck Fit Regular General Details Pattern Printed Occasion Casual Ideal For Boy's In the Box 4 T Shirt Additional Details Style Code DLHBB445_BEIGE_BLACK_GYELLOW_PURPLE Fabric Care Wash with Similar Colors, Use Detergent for Colors"
23,ElectronicsAppliances,Silver,1500,1500,SWAGGA,"Key Features of SWAGGA Women Clogs Occasion: Ethnic Material: Leather Color: Brown, White Heel Height: 0,Specifications of SWAGGA Women Clogs General Occasion Ethnic Ideal For Women Sandal Details Type Clogs Heel Height 0 inch Outer Material Leather Color Brown, White13"
24,Grossaries,Wheat,190,190,Kennel,Buy Kennel Rubber Dumbell With Bell - Small Rubber Rubber Toy For Dog for Rs.190 online. Kennel Rubber Dumbell With Bell - Small Rubber Rubber Toy For Dog at best prices with FREE shipping & cash on delivery. Only Genuine Products. 30 Day Replacement Guarantee.
25,ComputerAndMobile,Teal,1299,699,Alisha,Glus Wedding Lingerie Set - Buy Turquoise Glus Wedding Lingerie Set For Only Rs. 1299 Online in India. Shop Online For Apparels. Huge Collection of Branded Clothes Only at Flipkart.com
26,ElectronicsAppliances,Linen,3199,2499,FabHomeDecor,Veelys Shiny White Quad Roller Skates - Size 4.5 UK only for Rs 2499 . Ideal For Boys . Buy online @ Flipkart.com. Only Genuine Products. Free Shipping. Cash On Delivery!
27,ElectronicsAppliances,MediumSlateBlue,499,390,Sicons,Buy Bulaky vanity case Jewellery Vanity Case for Rs.390 online. Bulaky vanity case Jewellery Vanity Case at best prices with FREE shipping & cash on delivery. Only Genuine Products. 30 Day Replacement Guarantee.
28,ComputerAndMobile,LemonChiffon,699,309,Alisha,FDT Women's Leggings - Buy Parrot Green FDT Women's Leggings For Only Rs. 699 Online in India. Shop Online For Apparels. Huge Collection of Branded Clothes Only at Flipkart.com
29,Grossaries,DarkOrchid,2199,1699,Akshara,Madcaps C38GR30 Men's Cargos - Buy Green Madcaps C38GR30 Men's Cargos For Only Rs. 2199 Online in India. Shop Online For Apparels. Huge Collection of Branded Clothes Only at Flipkart.com
30,ComputerAndMobile,SeaGreen,799,579,Bengal Blooms,"Key Features of Bengal Blooms Rose Artificial Plant  with Pot Assorted Height: 30 cm,Bengal Blooms Rose Artificial Plant  with Pot (30 cm, Multicolor) Price: Rs. 579 The Bengal Blooms Decor your home with artificial flowers attached to a wonderful pot.,Specifications of Bengal Blooms Rose Artificial Plant  with Pot (30 cm, Multicolor) General Brand Bengal Blooms Model Number BBAJC218 Type Assorted Bonsai No Model Name Rose Color Multicolor Pot Features Pot Included Yes Dimensions Total Height 30 cm In the Box Sales Package 1 Assorted Artificial plant with Pot"
31,Fashion,SteelBlue,999,699,Indcrown,"Key Features of Indcrown Net Embroidered Semi-stitched Lehenga Choli Material Ghagra Choli , Ghagra, Choli, Dupatta Set , Lehenga Choli , Lehenga, Choli and Dupatta Set .,Indcrown Net Embroidered Semi-stitched Lehenga Choli Material (Semi-stitched) Price: Rs. 699 We have not authorised any other seller to sell our brand Indcrown . Any seller doing so is selling fake Indcrown Products. Buy original Indcrown products from the seller "" indcrownâ€˜â€™ only,Specifications of Indcrown Net Embroidered Semi-stitched Lehenga Choli Material (Semi-stitched) Fabric Details Fabric Net Type Semi-stitched Lehenga Choli Material General Details Pattern Embroidered Ideal For Women's Color Multicolor Fabric Care Dry clean or else Normal Hand Wash Additional Details Other Details Lehnga Choli is an Indian traditional ware also known as Chaniya Choli. We at Bolly Lounge offers you to attract compliments by this attractive Lehnga Choli made with fine quality material and beautiful work which can be worn for functions, festivals, parties and even office also. This Lehnga Choli ...View More Lehnga Choli is an Indian traditional ware also known as Chaniya Choli. We at Bolly Lounge offers you to attract compliments by this attractive Lehnga Choli made with fine quality material and beautiful work which can be worn for functions, festivals, parties and even office also. This Lehnga Choli is comes with unstitched material so it can be stitched according to your taste and preference. Stunning Self Designed Partywear Salwar Suit Gives A Trendy Look. Suit Having Fine Embroidery Work Over All. A Fine Fabric Used To Make It, It Will Be Comfortable In All Season. Style Code R C Lehe Bt In the Box 1 Lehenga Choli And Duppta Set"
32,ComputerAndMobile,DarkMagenta,499,275,Shopmania,"Specifications of Shopmania Music Band A5 Notebook Spiral Bound (Multicolor) General Ruling Ruled Model id NB00664 Type Notebook GSM 75 Cover Type 300 GSM Hard Laminated Cover No. of Pages 160 Brand Name Shopmania Binding Spiral Bound Color Multicolor Size A5 Dimensions Length 9 inch Width 6 inch Special Features Can be used as Notepad, Diary, Writing pad In the Box Sales Package 1 Notebook"
33,Fashion,DarkGoldenRod,499,275,Shopmania,"Specifications of Shopmania Music Band A5 Notebook Spiral Bound (Multicolor) General Ruling Ruled Model id NB00678 Type Notebook GSM 75 Cover Type 300 GSM Hard Laminated Cover No. of Pages 160 Brand Name Shopmania Binding Spiral Bound Color Multicolor Size A5 Dimensions Length 9 inch Width 6 inch Special Features Can be used as Notepad, Diary, Writing pad In the Box Sales Package 1 Notebook"
34,ComputerAndMobile,DarkSeaGreen,1000,837,Tiara Diaries,"Specifications of Tiara Diaries 2016-2017 Designer LA Kaarta ""TAKING ACTION GETTING RESULT"" (Set of 3) B5 Notebook Hard Bound (Coffee, Pack of 3) General Ruling ruled Model id 244 Type Notebook No. of Pages 216 Brand Name Tiara Diaries Binding Hard Bound Size B5 Color Coffee"
35,ElectronicsAppliances,Gainsboro,1200,699,KAJCI,Specifications of KAJCI Embroidered Women's Waistcoat General Details Pattern Embroidered Ideal For Women's Waistcoat Details Fabric Art Silk In the Box Waistcoat Additional Details Style Code LKOD112 Fabric Care Dry Clean Only
36,Grossaries,HotPink,350,298,Packman,"Key Features of Packman 8 x 10 inches Security Bags Without POD Jacket Courier Bag Security Bag Supplying to Over 200 Companies around world International E-commerce Standard Direct From ISO 9002 Factory 60 Microns High Quality Bags Longer Lasting Protection,Packman 8 x 10 inches Security Bags Without POD Jacket Courier Bag Security Bag (21.59 x 27.95 Pack of 100) Price: Rs. 298 Courier Bag,Specifications of Packman 8 x 10 inches Security Bags Without POD Jacket Courier Bag Security Bag (21.59 x 27.95 Pack of 100) General Bubble Wrap Present No Brand Packman Model Number 8 x 10 inches Security Bags Without POD Jacket Courier Bag Water Resistant Yes Tamper Proof Yes Material Plastic POD Jacket Available No Color Grey Size 21.59 x 27.95 Dimensions Weight 600 g Other Dimensions 8 x 10 Thickness 60 micron Additional Features Other Features security bag In the Box Sales Package 1 pack contains 100 pcs Pack of 100"
37,ComputerAndMobile,LightSeaGreen,899,899,Pick Pocket,Specifications of Pick Pocket Embroidered Women's Waistcoat General Details Pattern Embroidered Occasion Casual Ideal For Women's Waistcoat Details Lining Polyester Fabric Bengal Silk Additional Details Style Code TL-012 Fabric Care First Time Dry Clean
38,Grossaries,HoneyDew,999,399,Angelfish,"Angelfish Silk Potali Potli (Multicolor) Price: Rs. 399 Made by silk Fabric with fancy lace adnored and stylish handle also.(set of 2 piece),Specifications of Angelfish Silk Potali Potli (Multicolor) General Closure Velcro Type Potli Material Fabric Style Code AELKABJ01224-A Ideal For Girls Bag Size Small Occasion Party Color Code Multicolor Dimensions Weight 200 g Body Features Number of Compartments 1"
39,Grossaries,WhiteSmoke,899,764,Oye,Specifications of Oye Boy's Dungaree Top Details Number of Contents in Sales Package Pack of 1 Fabric Cotton Type Dungaree General Details Pattern Solid Ideal For Boy's In the Box 1 Dungaree
40,ElectronicsAppliances,GhostWhite,1999,1349,Nuride,"Key Features of Nuride Canvas Shoes Material: Canvas Occasion: Casual Color: Red Heel Height: 0.5,Specifications of Nuride Canvas Shoes General Occasion Casual Ideal For Women Shoe Details Heel Height 0.5 inch Outer Material Canvas Color Red"
41,ComputerAndMobile,DarkSlateBlue,1499,1499,OM SHIVAKRITI,"Key Features of OM SHIVAKRITI Square wall Clock Showpiece  -  38.1 cm Paper Mache Height - 38.1 cm Width - 38.1 cm,OM SHIVAKRITI Square wall Clock Showpiece  -  38.1 cm (Paper Mache, Multicolor) Price: Rs. 1,499 Omshivakriti brings you this square wall watch made from paper mache and finished in attractive set of colors. The product in display is ideal to dÃ©cor your home.,Specifications of OM SHIVAKRITI Square wall Clock Showpiece  -  38.1 cm (Paper Mache, Multicolor) General Brand OM SHIVAKRITI Model Number OSK60 Type Antique Material Paper Mache Model Name Square wall Clock Color Multicolor Dimensions Height 38.1 cm Width 38.1 cm Depth 3.81 cm In the Box Sales Package 1 showpiece"
42,Fashion,Chocolate,6999,1899,Himmlisch,"Himmlisch ST381 Magnetic Sun Shade For Maruti Alto (Side Window) Price: Rs. 1,899 Beat the heat this summer and feel like a VIP with Himmlisch Car Window Magnetic Sunshades. These magnetic sunshades create a mesh layer to stops the heat. Magnet border gets easily stick to your car window door edges (No need of Suction cups) Features: Block UV Rays Keeps Car Cool Easy to install and remove Durable and Exact Fit Provides Complete privacy Resists Heat Mesh Type Sunshade Package Contents: 1 x Set Of 4 Magnetic Sunshades,Specifications of Himmlisch ST381 Magnetic Sun Shade For Maruti Alto (Side Window) General Brand Himmlisch Model Number ST381 Magnetic Placement Position Side Window Color Black Dimensions Weight 4000 g Depth 1.1 cm In the Box Sales Package 4 Sun Shade Pack of 4"
43,ElectronicsAppliances,HoneyDew,2299,1400,Rapter,"Rapter BNC-179 BNC Wire Connector (Silver, Pack of 100) Price: Rs. 1,400 Rapter Pack of 100 BNC Connector.Superior quality BNC Connectors with high quality outer metel and brass conductors used to maintain a proper video/signal quality.BNC normally used in co-axial cables to lock with female connectors which ensures permanancy of connection.They can be used in DVRs, NVRs and CCTV Cameras etc.,Specifications of Rapter BNC-179 BNC Wire Connector (Silver, Pack of 100) General Brand Rapter Suitable For Wire to Wire Connection, Wire to Circuit Board Connection Model Number BNC-179 Type BNC Waterproof Yes Corrosion Proof Yes Color Silver In the box Sales Package 100 BNC Connector Pack of 100"
44,ComputerAndMobile,Snow,999,499,Vishudh,"Specifications of Vishudh Printed Women's Straight Kurta Kurta Details Sleeve Sleeveless Number of Contents in Sales Package Pack of 1 Fabric 100% Cotton Type Straight Neck ROUND NECK General Details Pattern Printed Occasion Festive Ideal For Women's In the Box Kurta Additional Details Style Code VNKU004384 NAVY BLUE Fabric Care Gentle Machine Wash in Lukewarm Water, Do Not Bleach"
45,Fashion,BurlyWood,899,449,Vishudh,"Specifications of Vishudh Printed Women's Straight Kurta Kurta Details Sleeve Sleeveless Number of Contents in Sales Package Pack of 1 Fabric 100% POLYESTER Type Straight Neck ROUND NECK General Details Pattern Printed Occasion Festive Ideal For Women's In the Box Kurta Additional Details Style Code VNKU004370 PINK::OLIVE Fabric Care Gentle Machine Wash in Lukewarm Water, Do Not Bleach"
46,Fashion,Moccasin,2099,1049,Vishudh,"Specifications of Vishudh Printed Women's Anarkali Kurta Kurta Details Sleeve Half Sleeve Number of Contents in Sales Package Pack of 1 Fabric 100% Cotton Type Anarkali Neck ROUND NECK General Details Pattern Printed Occasion Festive Ideal For Women's In the Box Kurta Additional Details Style Code VNKU004389 BEIGE::PINK Fabric Care Gentle Machine Wash in Lukewarm Water, Do Not Bleach"
47,Fashion,BlueViolet,6500,5000,BuildTrack,"Key Features of BuildTrack PIR Wireless Motion Sensor - One Switch Control Wireless Sensor Security System National Award Winning Product Long Battery Life Freely Placed Low Power Consumed,BuildTrack PIR Wireless Motion Sensor - One Switch Control Wireless Sensor Security System Price: Rs. 5,000 Buildtrack's Wireless Motion Sensor turns your existing light switches off when you leave the room and turns them on when you return. This model is ideal for fitting on a ceiling. It is battery powered and will work with One Single Switch. Using Wireless Motion Sensor stops Wastage of Energy and Lower your Electricity Bills. It is highly suitable for homes, institutions, banks, offices and healthcare. â€¢ Saves Energy â€¢ Lowers electricity bills â€¢ National Award Winning Product â€¢ Adds convenience â€¢ Works with existing switches, no re â€“ wiring â€¢ Quick and easy installation â€¢ Freely placed â€¢ Long battery life â€¢ Single device for multiple switches â€¢ No aesthetic changes / No external wiring â€¢ Adjustable time delay for turning off,Related video of BuildTrack PIR Wireless Motion Sensor - One Switch Control Wireless Sensor Security System,Specifications of BuildTrack PIR Wireless Motion Sensor - One Switch Control Wireless Sensor Security System General Detection Angle 360 degree Brand BuildTrack Brand Color Off White Suitable For Homes, Offices, Intermittent Spaces, Warehouses, Industrial Spacing Wired/Wireless Wireless Display Type NA Installation Type Plug and Play, Simply Attached to the Ceiling Model Number PIR Wireless Motion Sensor - One Switch Control Audible Alarm No Maximum Alarm Distance 0 m Minimum Alarm Distance 0 m Detection Range 10 ft Number of Sensors 1 Color White Dimensions Weight 200 g Other Dimensions 106x106x71 mm Warranty Service Type Manufacturer's Warranty - 1 Year In the Box Wireless Motion Detector | Actuator | User Manual | Warranty Card Additional Features Other Features Saves Energy, Lowers Electricity Bills, Adds Convenience, Works with Existing Switches, No Re â€“ Wiring, Quick and Easy Installation, Single Device for Multiple Switches, No Aesthetic Changes / No External Wiring, Adjustable Time Delay for Turning Off Technology Used Passive Infra Red (PIR)"
48,Grossaries,MediumBlue,9990,4990,Skayvon,"Key Features of Skayvon SUMMERSIBLE SINGLE PHASE PUMP CONTROLLER Wired Sensor Security System Dry run protection L/H Voltage protection Corrosion free sensors Has Manual/Auto mode,Skayvon SUMMERSIBLE SINGLE PHASE PUMP CONTROLLER Wired Sensor Security System Price: Rs. 4,990 ""This system is suitable for single phase submersible pump. The sytem auto start the submersible pump when water level in tank reaches preset lower level and auto switch off the pump when tank gets full.Upper and lower level is adjustable as per user choice. The system indicates 4 different levels of water (Â¼ , Â½, Â¾, and Full) of overhead tank. The system has Auto /manual switch."",Related video of Skayvon SUMMERSIBLE SINGLE PHASE PUMP CONTROLLER Wired Sensor Security System,Specifications of Skayvon SUMMERSIBLE SINGLE PHASE PUMP CONTROLLER Wired Sensor Security System In the Box 1 pack of Skayvon SUMMERSIBLE SINGLE PHASE PUMP CONTROLLER General Brand Skayvon Model Number SUMMERSIBLE SINGLE PHASE PUMP CONTROLLER Wired/Wireless Wired Number of Sensors 4 Brand Color Ivory Display Type LED Audible Alarm NO Installation Type Cabling Detection Range 987 ft Minimum Alarm Distance 10 m Maximum Alarm Distance 98 m Color Silver LED Indicators Yes"
49,ComputerAndMobile,GreenYellow,1399,599,MASARA,"Key Features of MASARA Solid Women's Straight Kurta Green Straight,MASARA Solid Women's Straight Kurta Price: Rs. 599 The knee length kurti with raindrop pattern with subtle colors will completely transform your look at your work place. Soft cotton fabric used in this kurti is to die for.,Specifications of MASARA Solid Women's Straight Kurta Kurta Details Sleeve 3/4 Sleeve Fabric Cotton Type Straight Neck Round General Details Pattern Solid Occasion Casual Ideal For Women's Additional Details Style Code M002PCOTSEARAIN"
50,ComputerAndMobile,SandyBrown,899,449,Vishudh,"Specifications of Vishudh Printed Women's Straight Kurta Kurta Details Sleeve Sleeveless Number of Contents in Sales Package Pack of 1 Fabric 100% POLYESTER Type Straight Neck ROUND NECK General Details Pattern Printed Occasion Festive Ideal For Women's In the Box Kurta Additional Details Style Code VNKU004371 RUST::TEAL Fabric Care Gentle Machine Wash in Lukewarm Water, Do Not Bleach"
51,ComputerAndMobile,MediumVioletRed,1299,899,Rapter,"Rapter BNC-047 BNC Wire Connector (Silver, Pack of 64) Price: Rs. 899 Rapter Pack of 64 BNC Connector.Superior quality BNC Connectors with high quality outer metel and brass conductors used to maintain a proper video/signal quality.BNC normally used in co-axial cables to lock with female connectors which ensures permanancy of connection.They can be used in DVRs, NVRs and CCTV Cameras etc.,Specifications of Rapter BNC-047 BNC Wire Connector (Silver, Pack of 64) General Brand Rapter Suitable For Wire to Wire Connection, Wire to Circuit Board Connection Model Number BNC-047 Type BNC Waterproof Yes Corrosion Proof Yes Color Silver In the box Sales Package 64 BNC Connector Pack of 64"
52,ElectronicsAppliances,DarkBlue,8999,4990,Skayvon,"Key Features of Skayvon SUBMERSIBBLE THREE PHASE PUMP CONTROLLER Wired Sensor Security System Dry run protection L/H Voltage protection Corrosion free sensors Has Manual/Auto mode,Skayvon SUBMERSIBBLE THREE PHASE PUMP CONTROLLER Wired Sensor Security System Price: Rs. 4,990 ""This system is suitable for Three phase submersible pump. The sytem auto start the submersible pump when water level in tank reaches preset lower level and auto switch off the pump when tank gets full.Upper and lower level is adjustable as per user choice. The system indicates 4 different levels of water (Â¼ , Â½, Â¾, and Full) of overhead tank. The system has Auto /manual switch."",Related video of Skayvon SUBMERSIBBLE THREE PHASE PUMP CONTROLLER Wired Sensor Security System,Specifications of Skayvon SUBMERSIBBLE THREE PHASE PUMP CONTROLLER Wired Sensor Security System In the Box 1 pack of Skayvon SUBMERSIBBLE THREE PHASE PUMP CONTROLLER General Brand Skayvon Model Number SUBMERSIBBLE THREE PHASE PUMP CONTROLLER Wired/Wireless Wired Number of Sensors 4 Brand Color Ivory Display Type LED Audible Alarm NO Installation Type Cabling Detection Range 987 ft Minimum Alarm Distance 10 m Maximum Alarm Distance 98 m Color Silver LED Indicators Yes Stand By Yes Additional Features Certification ISO 9001:2008"
53,Fashion,SandyBrown,899,449,Vishudh,"Specifications of Vishudh Printed Women's Straight Kurta Kurta Details Sleeve Sleeveless Number of Contents in Sales Package Pack of 1 Fabric 100% POLYESTER Type Straight Neck ROUND NECK General Details Pattern Printed Occasion Festive Ideal For Women's In the Box Kurta Additional Details Style Code VNKU004373 BLACK::MAROON Fabric Care Gentle Machine Wash in Lukewarm Water, Do Not Bleach"
54,ComputerAndMobile,DarkOliveGreen,10000,6600,Behringer,Specifications of Behringer Xenyx 502 Analog Sound Mixer In The Box 1 Sound Mixer General Number of Faders 4 Brand Behringer Application Type Live Performance Mixer Number of Channels 5 Model Number Xenyx 502 Channel Equalizer Type 2 band EQ Type Analog Number of Bus 2 On-board Effects No Dimensions Weight 1 kg Height 15 cm Width 15 cm Warranty Covered in Warranty Warranty of the product is limited to manufacturing defects only Warranty Summary 1 year India Warranty Service Type Customer needs to send the product to the authorized service centre of the company in case of any problem Not Covered in Warranty Warranty does not cover product damaged while in use by customer Power Features Power Consumption 50 Power Requirements 230V AC
55,ComputerAndMobile,GreenYellow,899,449,Vishudh,"Key Features of Vishudh Printed Women's Straight Kurta BLACK, GREY Straight,Specifications of Vishudh Printed Women's Straight Kurta Kurta Details Sleeve Sleeveless Number of Contents in Sales Package Pack of 1 Fabric 100% POLYESTER Type Straight Neck ROUND NECK General Details Pattern Printed Occasion Festive Ideal For Women's In the Box Kurta Additional Details Style Code VNKU004374 BLACK::GREY Fabric Care Gentle Machine Wash in Lukewarm Water, Do Not Bleach"
56,Fashion,DarkSalmon,899,449,Vishudh,"Specifications of Vishudh Printed Women's Straight Kurta Kurta Details Sleeve Sleeveless Number of Contents in Sales Package Pack of 1 Fabric 100% POLYESTER Type Straight Neck ROUND NECK General Details Pattern Printed Occasion Festive Ideal For Women's In the Box Kurta Additional Details Style Code VNKU004372 PURPLE::PLUM Fabric Care Gentle Machine Wash in Lukewarm Water, Do Not Bleach"
57,ElectronicsAppliances,DarkSeaGreen,1399,599,MASARA,"Key Features of MASARA Solid Women's Straight Kurta Green Straight,MASARA Solid Women's Straight Kurta Price: Rs. 599 The knee length kurti with raindrop pattern with subtle colors will completely transform your look at your work place. Soft cotton fabric used in this kurti is to die for.,Specifications of MASARA Solid Women's Straight Kurta Kurta Details Sleeve 3/4 Sleeve Fabric Cotton Type Straight Neck Round General Details Pattern Solid Occasion Casual Ideal For Women's Additional Details Style Code M003PCOTSEARAIN"
58,Grossaries,DeepPink,1399,550,MASARA,"Key Features of MASARA Solid Women's Straight Kurta Red Straight,MASARA Solid Women's Straight Kurta Price: Rs. 550 The blooming flowers of summer arenâ€™t just for the gardens anymore. Bold floral prints on this knee-length cotton kurta allow you to effortlessly coordinate natural beauty into your outfit. The bright and pastel colors provide a more graceful feature to the ensemble.,Specifications of MASARA Solid Women's Straight Kurta Kurta Details Sleeve 3/4 Sleeve Fabric Cotton Type Straight Neck Round General Details Pattern Solid Occasion Casual Ideal For Women's Additional Details Style Code M002PCOTREDGAR"
59,Grossaries,Olive,1399,699,Roadster,"Key Features of Roadster Men's Zipper Solid Cardigan Fabric: 100% Acrylic Suitable For: Western Wear,Roadster Men's Zipper Solid Cardigan Price: Rs. 699 Navy blue and olive green cardigan, has a mock collar, a full zip closure, long raglan sleeves, two insert pockets, a ribbed hemLook stylish while beating the winter chill in this comfortable cardigan from Roadster. Team it with a pair of jeans and casual shoes when heading out for the day..,Specifications of Roadster Men's Zipper Solid Cardigan Cardigan Details Closure Zipper Sleeve Full Sleeve Number of Contents in Sales Package Pack of 1 Fabric 100% Acrylic General Details Pattern Solid Ideal For Men's Occasion Casual Fabric Care Machine-Wash Cold Additional Details Style Code 872907"
60,Grossaries,SkyBlue,999,499,Vishudh,"Specifications of Vishudh Printed Women's Straight Kurta Kurta Details Sleeve Sleeveless Number of Contents in Sales Package Pack of 1 Fabric 100% Cotton Type Straight Neck ROUND NECK General Details Pattern Printed Occasion Festive Ideal For Women's In the Box Kurta Additional Details Style Code VNKU004385 MAROON Fabric Care Gentle Machine Wash in Lukewarm Water, Do Not Bleach"
61,ComputerAndMobile,Magenta,1649,849,Noor,"Key Features of Noor Embroidered Women's Straight Kurta 100% Rayon Fabric Elegant Hand Embroidered Neck,Specifications of Noor Embroidered Women's Straight Kurta Kurta Details Sleeve 3/4 Sleeve Number of Contents in Sales Package Pack of 1 Fabric Rayon Type Straight Neck Round Neck General Details Pattern Embroidered Occasion Casual Ideal For Women's Additional Details Style Code NW_0012 Fabric Care Dry Clean Only"
62,ElectronicsAppliances,DarkTurquoise,1399,599,MASARA,"Key Features of MASARA Solid Women's Straight Kurta Pink Straight,MASARA Solid Women's Straight Kurta Price: Rs. 599 The knee length kurti with raindrop pattern with subtle colors will completely transform your look at your work place. Soft cotton fabric used in this kurti is to die for.,Specifications of MASARA Solid Women's Straight Kurta Kurta Details Sleeve 3/4 Sleeve Fabric Cotton Type Straight Neck Round General Details Pattern Solid Occasion Casual Ideal For Women's Additional Details Style Code M001PCOTPINRAIN"
63,ComputerAndMobile,Silver,899,449,Vishudh,"Key Features of Vishudh Printed Women's Straight Kurta PLUM, PINK Straight,Specifications of Vishudh Printed Women's Straight Kurta Kurta Details Sleeve Sleeveless Number of Contents in Sales Package Pack of 1 Fabric 100% POLYESTER Type Straight Neck ROUND NECK General Details Pattern Printed Occasion Festive Ideal For Women's In the Box Kurta Additional Details Style Code VNKU004376 PLUM::PINK Fabric Care Gentle Machine Wash in Lukewarm Water, Do Not Bleach"
64,ComputerAndMobile,SpringGreen,899,449,Libas,"Specifications of Libas Printed Women's A-line Kurta General Details Pattern Printed Ideal For Women's Occasion Party, Casual Kurta Details Sleeve Half Sleeve Number of Contents in Sales Package Pack of 1 Fabric Chanderi Type A-line Neck Chinese Fabric Care Dry Clean Only Additional Details Style Code 2438-Red In the Box Kurta"
65,ComputerAndMobile,OliveDrab,1849,924,Libas,"Specifications of Libas Printed Women's Anarkali Kurta Kurta Details Sleeve 3/4 Sleeve Number of Contents in Sales Package Pack of 1 Fabric Rayon Type Anarkali Neck Boat General Details Pattern Printed Occasion Party, Casual Ideal For Women's In the Box Kurta Additional Details Style Code 2422-Beige Fabric Care Dry Clean Only"
66,ElectronicsAppliances,Aqua,999,499,MASARA,"Key Features of MASARA Solid Women's Straight Kurta Green Straight,MASARA Solid Women's Straight Kurta Price: Rs. 499 Floral patterns donâ€™t have to be dainty. Go bold with brighter colors and a more defined floral print. Darker shades of this kurta allow your outfit to make a more intense impression, and with the variety of flower hues, itâ€™s easy to select accessories that coordinate. Its knee-length would allow you to pair it up along jeans as well as leggings. Select a chunky necklace, pronounced ring or bold-colored emboidered jacket that picks up on tones found in the floral print.,Specifications of MASARA Solid Women's Straight Kurta General Details Pattern Solid Ideal For Women's Occasion Casual Kurta Details Sleeve 3/4 Sleeve Fabric Cotton Type Straight Neck Round Additional Details Style Code M004PCOTGREFLO"
67,ComputerAndMobile,OrangeRed,440,395,HRS,"HRS ULTIMATE BOY Chest Pads (WHITE, RIGHT-HANDED) Price: Rs. 395 Light wt. Moulded HD foam,Specifications of HRS ULTIMATE BOY Chest Pads (WHITE, RIGHT-HANDED) General Type Chest Pads Face Material Polyvinyl Chloride Inner Material Cotton, Fabric Suitable for RIGHT-HANDED Dimensions Weight 180 g In the Box Sales Package 1 Pad"
68,Grossaries,LimeGreen,1495,795,Vermello,"Specifications of Vermello Men Casual Brown Genuine Leather Belt (Brown) General Reversible Belt No Material Genuine Leather Style Code G7001BRN Occasion Casual Ideal For Men Color Code Brown Belt Size 34 Body Features 5 Punched Holes, Pin Buckle Dimensions Weight 250 g Length 34 inch Width 3.8 cm In the Box 1 Belt"
69,ComputerAndMobile,SkyBlue,280,250,HRS,"HRS CLUB BOY Thigh Pads (WHITE, RIGHT-HANDED) Price: Rs. 250 Foam filled economical pad with elastic straps,Specifications of HRS CLUB BOY Thigh Pads (WHITE, RIGHT-HANDED) General Type Thigh Pads Face Material Polyvinyl Chloride Inner Material Cotton, Fabric Suitable for RIGHT-HANDED Dimensions Weight 170 g In the Box Sales Package 1 Pad"
70,ComputerAndMobile,LightGreen,795,695,Ligans NY,"Key Features of Ligans NY Men Formal Black Genuine Leather Belt Genuine Leather Shiney Buckle,Ligans NY Men Formal Black Genuine Leather Belt (Black) Price: Rs. 695 Get recognised for your exceptional dressing sense by wearing this black coloured belt with a white shirt and grey trousers. This fabulous belt from Ligans NY is made from genuine leather, which makes it light in weight and a fine quality shiny buckle for every man to invest in.,Specifications of Ligans NY Men Formal Black Genuine Leather Belt (Black) General Reversible Belt No Belt Pattern Punched Belt with Shiney buckle Material Genuine Leather Style Code LNY-M-MO-1017-FS Ideal For Men Occasion Formal Color Code Black Belt Size 28 Body Features 6 Puched Holes, 1 Loop, Genuine Leather, Shiney Buckle Dimensions Weight 200 g Length 34 inch Width 34 mm In the Box Belt"
71,ComputerAndMobile,SandyBrown,1899,899,Elegance,"Key Features of Elegance Polyester Multicolor Abstract Eyelet Door Curtain Floral Curtain,Elegance Polyester Multicolor Abstract Eyelet Door Curtain (213 cm in Height, Pack of 2) Price: Rs. 899 This curtain enhances the look of the interiors.This curtain is made from 100% high quality polyester fabric.It features an eyelet style stitch with Metal Ring.It makes the room environment romantic and loving.This curtain is ant- wrinkle and anti shrinkage and have elegant apparance.Give your home a bright and modernistic appeal with these designs. The surreal attention is sure to steal hearts. These contemporary eyelet and valance curtains slide smoothly so when you draw them apart first thing in the morning to welcome the bright sun rays you want to wish good morning to the whole world and when you draw them close in the evening, you create the most special moments of joyous beauty given by the soothing prints. Bring home the elegant curtain that softly filters light in your room so that you get the right amount of sunlight.,Specifications of Elegance Polyester Multicolor Abstract Eyelet Door Curtain (213 cm in Height, Pack of 2) General Brand Elegance Designed For Door Type Eyelet Model Name Abstract Polyester Door Curtain Set Of 2 Model ID Duster25 Color Multicolor Dimensions Length 213 cm In the Box Number of Contents in Sales Package Pack of 2 Sales Package 2 Curtains Body & Design Material Polyester"
72,Fashion,Teal,1990,1393,Liza,"Key Features of Liza Women Wedges Occasion: Casual, Formal, Party Material: Synthetic Leather Color: Blue Heel Height: 3,Liza Women Wedges Price: Rs. 1,393 LIZA offers an exclusive range of Sandal. Made from fine quality material, this pair of Sandal is durable and comfortable to wear. This pair will definitely keep your feet dry, cool and comfortable. Buy this pair of Liza Sandal and team it up with de,Specifications of Liza Women Wedges General Occasion Casual, Formal, Party Ideal For Women Sandal Details Weight 250 g (per single Sandal) - Weight of the product may vary depending on size. Type Wedges Heel Height 3 inch Outer Material Synthetic Leather Color Blue In the Box 1 Pair Of Sandal Additional Details Care Instructions Clean with a mild damp cloth with regular water."
73,Fashion,LightYellow,250,230,HRS,"HRS ULTIMATE BOY Elbow Pads (WHITE, RIGHT-HANDED) Price: Rs. 230 Light wt. Moulded HD foam,Specifications of HRS ULTIMATE BOY Elbow Pads (WHITE, RIGHT-HANDED) General Type Elbow Pads Inner Material Cotton, Fabric Face Material Polyvinyl Chloride Suitable for RIGHT-HANDED Dimensions Weight 50 g In the Box Sales Package 1 Pad"
74,ComputerAndMobile,MintCream,600,449,Sathiyas,"Specifications of Sathiyas Cotton Bath Towel (3 Bath Towel, Red, Yellow, Blue) Bath Towel Features Machine Washable Yes Material Cotton Design Self Design General Brand Sathiyas Type Bath Towel GSM 500 Model Name Sathiyas cotton bath towel Ideal For Men, Women, Boys, Girls Model ID asvtwl322 Color Red, Yellow, Blue Size Mediam Dimensions Length 30 inch Width 60 inch In the Box Number of Contents in Sales Package 3 Sales Package 3 Bath Towel"
75,ComputerAndMobile,DimGray,440,395,HRS,"Specifications of HRS ULTIMATE MEN Chest Pads (WHITE, RIGHT-HANDED) General Type Chest Pads Inner Material Cotton, Fabric Face Material Polyvinyl Chloride Suitable for RIGHT-HANDED Dimensions Weight 200 g In the Box Sales Package 1 Pad"
76,ComputerAndMobile,Indigo,,,Eurospa,"Key Features of Eurospa Cotton Terry Face Towel Set Size: small Height: 9 inch GSM: 360,Eurospa Cotton Terry Face Towel Set (20 PIECE FACE TOWEL SET, Assorted) Price: Rs. 299 Eurospa brings to you an exclusively designed, 100% soft cotton towels of export quality. All our products have soft texture that takes care of your skin and gives you that enriched feeling you deserve. Eurospa has been exporting its bath towels to lot of renowned brands for last 10 years and is famous for its fine prints, absorbency, softness and durability. NOTE: Our product is 100% cotton, so it is susceptible to shrinkage. Product color may vary from the picture. Size may vary by Â±3% WASH CARE: Wash in cold Water, Do not Iron, Do not Bleach, Flat dry, Wash before first use. SIZE- FACE TOWEL - 23 cms X 23 cms.,Specifications of Eurospa Cotton Terry Face Towel Set (20 PIECE FACE TOWEL SET, Assorted) Bath Towel Features Material Cotton Terry Design SHUVAM General Brand Eurospa GSM 360 Type Face Towel Set Model Name SHUVAM20PCFTSETASSORTED Ideal For Boys, Girls, Men, Women Model ID SHUVAM20PCFTSETASSORTED Size small Color Assorted Dimensions Weight 350 g Length 9 inch Width 9 inch In the Box Number of Contents in Sales Package 20 Sales Package 20 PIECE FACE TOWEL SET"
77,Grossaries,LightSalmon,2699,1299,SANTOSH ROYAL FASHION,"Key Features of SANTOSH ROYAL FASHION Cotton Printed King sized Double Bedsheet Royal Bedsheet Perfact for Wedding & Gifting,Specifications of SANTOSH ROYAL FASHION Cotton Printed King sized Double Bedsheet (1 Bedsheet,2 Pillow Cover, Multicolor) General Brand SANTOSH ROYAL FASHION Machine Washable Yes Type Flat Material Cotton Model Name Gold Design Royal Cotton Printed Wedding & Gifted Double Bedsheet With 2 Pillow cover Model ID goldbedi-38 Color Multicolor Size King Fabric Care Machine Wash, Do Not Bleach Dimensions Flat Sheet Width 90 inch / 230 cm Fitted Sheet Width 228 cm Pillow Cover Width 16 inch / 43 cm Pillow Cover Length 28 inch / 72 cm Fitted Sheet Depth 280 cm Fitted Sheet Length 278 cm Flat Sheet Depth 282 cm Flat Sheet Length 110 inch / 280 cm In the Box Number of Contents in Sales Package 1 Sales Package 1 Bedsheet,2 Pillow Cover"
78,ComputerAndMobile,GreenYellow,1999,380,CASEDEAL,Specifications of CASEDEAL Microsoft Nokia lumia x2 Back Panel (White) General Brand CASEDEAL Brand Color White Model Number PANEL-A2 Material Plastic Panel Type Back Compatible Model Microsoft Nokia lumia x2 Dimensions Weight 20 g Height 14 cm In the Box 1 Mobile Panel
79,ComputerAndMobile,DeepSkyBlue,1499,899,Mario Gotze,"Key Features of Mario Gotze Women's Printed Casual Orange Shirt Fit: Slim Suitable For: Western Wear Sleeve: Full Sleeve Fabric: Cotton Color:Orange Pattern:Printed Number Of Contents In Package:1,Mario Gotze Women's Printed Casual Orange Shirt Price: Rs. 899 1 shirt,Specifications of Mario Gotze Women's Printed Casual Orange Shirt General Details Pattern Printed Ideal For Women's Occasion Casual Shirt Details Sleeve Full Sleeve Number of Contents in Sales Package Pack of 1 Brand Fit Slim Fabric Cotton Fit Slim Placket Classic Collar Additional Details Style Code RRCLS-W-6107"
80,ComputerAndMobile,DarkGreen,2599,698,Jaipur Print,"Key Features of Jaipur Print Cotton Floral King sized Double Bedsheet 100% cotton,Jaipur Print Cotton Floral King sized Double Bedsheet (1 bed sheet 2 pillow cover, White) Price: Rs. 998 This nice bed sheet made up of 100% cotton to give you comfort. This bed sheet is hand printed. This bedsheet gives nice look to your room And its fast colour and good quality gives this bedsheet long life.,Specifications of Jaipur Print Cotton Floral King sized Double Bedsheet (1 bed sheet 2 pillow cover, White) General Machine Washable Yes Brand Jaipur Print Type Flat Model Name jaipur117 Material Cotton Thread Count 140 Model ID jaipur117 Fabric Care machinewash, do not bleach Size King Color White Warranty waranty of the product only for manufacturing defect only and product will exchange onle when it is not used and returne its origional packing Dimensions Flat Sheet Width 86 inch / 220 cm Fitted Sheet Width 0 cm Pillow Cover Width 17 inch / 45 cm Pillow Cover Length 29 inch / 75 cm Weight 900 g Fitted Sheet Depth 0 cm Fitted Sheet Length 0 cm Flat Sheet Depth 0.2 cm Flat Sheet Length 104 inch / 265 cm In the Box Number of Contents in Sales Package 1 Sales Package 1 bed sheet 2 pillow cover"
81,Fashion,LimeGreen,900,650,Shilpi,Specifications of Shilpi NHSCN003 Coin Bank (Brown) In The Box Sales Package Coin Bank
82,ComputerAndMobile,DarkGoldenRod,2599,698,Jaipur Print,"Key Features of Jaipur Print Cotton Floral King sized Double Bedsheet 100% cotton,Jaipur Print Cotton Floral King sized Double Bedsheet (1 bed sheet 2 pillow cover, White) Price: Rs. 998 This is nice bed sheet made in ahmedabad and made up of 100% cotton.This bed sheet have fast colours which gives it long life and new look to your room.,Specifications of Jaipur Print Cotton Floral King sized Double Bedsheet (1 bed sheet 2 pillow cover, White) General Brand Jaipur Print Machine Washable Yes Type Flat Material Cotton Model Name ahmd11 Thread Count 4 Model ID ahmd11 Character flower Color White Size King Fabric Care Machine Wash, Do Not Bleach Dimensions Flat Sheet Width 86 inch / 220 cm Fitted Sheet Width 0 cm Pillow Cover Width 17 inch / 45 cm Pillow Cover Length 29 inch / 75 cm Weight 900 g Fitted Sheet Depth 0 cm Fitted Sheet Length 0 cm Flat Sheet Depth 0 cm Flat Sheet Length 104 inch / 265 cm Warranty waranty of the product only for manufacturing defect only and product will exchange onle when it is not used and returne its origional packing In the Box Number of Contents in Sales Package 1 Sales Package 1 bed sheet 2 pillow cover"
83,ComputerAndMobile,Turquoise,999,499,Babeezworld,"Specifications of Babeezworld Dungaree Baby Boy's  Combo Apparel Combo Details Primary Product Size S Fabric Cotton Pattern Printed Fit Regular Fit Occasion Casual Ideal For Baby Boy's Additional Details Style Code bbz1105a Fabric Care Wash with Similar Colors, Use Detergent for Colors In the Box Number of Contents in Sales Package 2"
84,ComputerAndMobile,LightGreen,1600,1200,Redbag,"Key Features of Redbag Eight Armed Goddess Sherawali Maa Showpiece  -  10.8 cm Brass Height - 10.8 cm Width - 10.16 cm Weight - 850 g,Specifications of Redbag Eight Armed Goddess Sherawali Maa Showpiece  -  10.8 cm (Brass, Gold) General Brand Redbag Model Number 6437 Type Religious Idols Model Name Eight Armed Goddess Sherawali Maa Material Brass Color Gold Dimensions Weight 850 g Height 10.8 cm Width 10.16 cm Depth 5.08 cm In the Box Sales Package 1 Showpiece Figurine"
85,Fashion,LightSteelBlue,1025,949,Proence,"Specifications of Proence Weight Gainers, Mass Gainers (60 No, Unflavored) General Dietary Preference No MSG Brand Proence Flavor Unflavored Usage Timings Pre-workout, Post-workout Quantity 60 No Number of Scoops per Container NA Container Type Mason Jar Ayurvedic No Protein Type Weight Gainers, Mass Gainers Model Number 10036 Form Capsules Serving Size 60 No Food Preference Veg Composition Atmagupta sd:-85 mg ,shilajatu:-60 mg , Goksura;-50 mg, Ashwagandha:-50 mg , vidari:-50 mg , Musli:-40 mg , jatiphala:-25 mg , lavanga:-20 mg , Visamusthi:-20 mg , Akarakarabha:-20 mg , Kunkuma:-15 mg Tvak:-15 mg Shelf Life 18 Year Important Note Product information provided by the seller on the Website is not exhaustive, please read the label on the physical product carefully for complete information provided by the manufacturer. For additional information, please contact the manufacturer."
86,Fashion,Cornsilk,750,590,Slim,Discountgod Men's Checkered Casual Shirt - Buy Blood Red Discountgod Men's Checkered Casual Shirt For Only Rs. 750 Online in India. Shop Online For Apparels. Huge Collection of Branded Clothes Only at Flipkart.com
87,Grossaries,LemonChiffon,1299,599,Slim,Silver Streak Men's Printed Casual Denim Shirt - Buy Blue Silver Streak Men's Printed Casual Denim Shirt For Only Rs. 1299 Online in India. Shop Online For Apparels. Huge Collection of Branded Clothes Only at Flipkart.com
88,ComputerAndMobile,DarkKhaki,18995,15195,Alisha,"Cobra Paris CO6394A1 Analog Watch  - For Men, Boys - Buy Cobra Paris CO6394A1 Analog Watch  - For Men, Boys  CO6394A1 Online at Rs.15195 in India Only at Flipkart.com. - Great Discounts, Only Genuine Products, 30 Day Replacement Guarantee, Free Shipping. Cash On Delivery!"
89,ElectronicsAppliances,FireBrick,4995,1995,FabHomeDecor,"TEN TEN Women's Black Knee Length Boots Boots
                         Price: Rs. 1,995
				
			Boots
Boots"
90,ComputerAndMobile,LightSeaGreen,13699,13099,dilli bazaaar,"Aries Gold G 729 S-BK Analog Watch  - For Men, Boys - Buy Aries Gold G 729 S-BK Analog Watch  - For Men, Boys  G 729 S-BK Online at Rs.13099 in India Only at Flipkart.com. - Great Discounts, Only Genuine Products, 30 Day Replacement Guarantee, Free Shipping. Cash On Delivery!"
91,Fashion,SlateGray,3495,1223,HRS,Carlton Boots - Buy Carlton Boots - CLL-3106 only for Rs. 1223 from Flipkart.com. Only Genuine Products. 30 Day Replacement Guarantee. Free Shipping. Cash On Delivery!
92,Fashion,Crimson,24400,24400,Sathiyas,"Maserati Time R8851116001 Analog Watch  - For Boys - Buy Maserati Time R8851116001 Analog Watch  - For Boys  R8851116001 Online at Rs.24400 in India Only at Flipkart.com. - Great Discounts, Only Genuine Products, 30 Day Replacement Guarantee, Free Shipping. Cash On Delivery!"
93,Grossaries,MidnightBlue,1095,595,HRS,"Vizion 8503B-1RED Cold Light Digital Watch  - For Boys, Girls
                         Price: Rs. 595
				
			Brand: Vizion,Sports Series watch for Kids,1 year manufacturer warranty,Digital display,Automatic movement,Metal Case and solid body ,Dial shape:Round,Dial dimension:22mm ,Strap material:Silicone ,Strap width:20mm,Water resistant,Night display cold backLight, Daily Alarm,Hour minute second ,date week display, 12/24 hour format,Attractive brand packaging- Tuff plastic box,Note: In case of non-receipt of warranty card, please intimate us within 48 hours,Disclaimer: Product color may slightly vary due to photographic lighting sources or your monitor settings (The image has been enlarged for better viewing)
Brand: Vizion,Sports Series watch for Kids,1 year manufacturer warranty,Digital display,Automatic movement,Metal Case and solid body ,Dial shape:Round,Dial dimension:22mm ,Strap material:Silicone ,Strap width:20mm,Water resistant,Night display cold backLight, Daily Alarm,Hour minute second ,date week display, 12/24 hour format,Attractive brand packaging- Tuff plastic box,Note: In case of non-receipt of warranty card, please intimate us within 48 hours,Disclaimer: Product color may slightly vary due to photographic lighting sources or your monitor settings (The image has been enlarged for better viewing)"
94,Grossaries,DarkGoldenRod,1099,449,Eurospa,"Camerii WM64 Elegance Analog Watch  - For Men, Boys - Buy Camerii WM64 Elegance Analog Watch  - For Men, Boys  WM64 Online at Rs.449 in India Only at Flipkart.com. - Great Discounts, Only Genuine Products, 30 Day Replacement Guarantee, Free Shipping. Cash On Delivery!"
95,ComputerAndMobile,DarkCyan,5398,2599,SANTOSH ROYAL FASHION,"Reckler Slim Fit Men's Jeans - Buy Light Blue, Shiny Black Reckler Slim Fit Men's Jeans For Only Rs. 5398 Online in India. Shop Online For Apparels. Huge Collection of Branded Clothes Only at Flipkart.com"
96,ElectronicsAppliances,SteelBlue,2499,2250,MASARA,Quechua Arpenaz Novadry Boots - Buy Quechua Arpenaz Novadry Boots - NU-962 only for Rs. 2459 from Flipkart.com. Only Genuine Products. 30 Day Replacement Guarantee. Free Shipping. Cash On Delivery!
97,ComputerAndMobile,OldLace,3999,849,Vishudh,"Colat COLAT_MW20 Sheen Analog Watch  - For Men, Women, Boys, Girls - Buy Colat COLAT_MW20 Sheen Analog Watch  - For Men, Women, Boys, Girls  COLAT_MW20 Online at Rs.849 in India Only at Flipkart.com. - Great Discounts, Only Genuine Products, 30 Day Replacement Guarantee, Free Shipping. Cash On Delivery!"
98,Fashion,MediumBlue,1799,719,Rapter,Steppings Trendy Boots - Buy Steppings Trendy Boots - XF-04 only for Rs. 719 from Flipkart.com. Only Genuine Products. 30 Day Replacement Guarantee. Free Shipping. Cash On Delivery!
99,Grossaries,Gray,1415,1202,Skayvon,"Rochees RW38 Analog Watch  - For Boys - Buy Rochees RW38 Analog Watch  - For Boys  RW38 Online at Rs.1202 in India Only at Flipkart.com. - Great Discounts, Only Genuine Products, 30 Day Replacement Guarantee, Free Shipping. Cash On Delivery!"
,,,,,,
,,,,,,
,,,,,,
,,,,,,
,,,,,,
,,,,,,
,,,,,,
,,,,,,
,,,,,,
,,,,,,
,,,,,,
,,,,,,
,,,,,,
,,,,,,
,,,,,,
,,,,,,
,,,,,,
,,,,,,
,,,,,,
,,,,,,
,,,,,,
,,,,,,
,,,,,,
,,,,,,
,,,,,,
,,,,,,
,,,,,,
,,,,,,
,,,,,,
,,,,,,
,,,,,,
,,,,,,
,,,,,,
,,,,,,
,,,,,,
,,,,,,
,,,,,,
,,,,,,
,,,,,,
,,,,,,
,,,,,,
,,,,,,
,,,,,,
,,,,,,
,,,,,,
,,,,,,
,,,,,,
,,,,,,
,,,,,,
,,,,,,
,,,,,,
,,,,,,
,,,,,,
,,,,,,
,,,,,,
,,,,,,
,,,,,,
,,,,,,
,,,,,,
,,,,,,
,,,,,,
,,,,,,
,,,,,,
,,,,,,
,,,,,,
,,,,,,
,,,,,,
,,,,,,
,,,,,,
,,,,,,
,,,,,,
,,,,,,
,,,,,,
,,,,,,
,,,,,,
,,,,,,
,,,,,,
,,,,,,
,,,,,,
,,,,,,
,,,,,,
,,,,,,
,,,,,,
,,,,,,
,,,,,,
,,,,,,
,,,,,,
,,,,,,